Job_Title,Company,Job_Link,Resume,Cover_Letter
,,,,Job_Title,Company,Job_Link,Resume,Cover_Letter
,,,,
Job title one,2,Job Link 1,C:\fakepath\Screen Shot 2024-07-08 at 1.03.10 PM.png,C:\fakepath\Screen Shot 2024-07-08 at 1.03.10 PM.pngJob_Title,Company,Job_Link,Resume,Cover_Letter
,,,,
Job title 2,2,3,C:\fakepath\Screen Shot 2024-07-08 at 1.03.10 PM.png,C:\fakepath\Screen Shot 2024-07-08 at 1.03.10 PM.png
Job title 3 longer,2,3,C:\fakepath\Screen Shot 2024-07-08 at 1.03.10 PM.png,C:\fakepath\Screen Shot 2024-07-08 at 1.03.10 PM.pngJob_Title,Company,Job_Link,Resume,Cover_Letter
,,,,
1,2,3,C:\fakepath\Screen Shot 2024-07-08 at 1.03.10 PM.png,C:\fakepath\Screen Shot 2024-07-08 at 1.03.10 PM.png
1,2,3,C:\fakepath\Screen Shot 2024-07-08 at 1.03.10 PM.png,C:\fakepath\Screen Shot 2024-07-08 at 1.03.10 PM.png
2,2,3,C:\fakepath\Screen Shot 2024-07-08 at 1.03.10 PM.png,C:\fakepath\Screen Shot 2024-07-08 at 1.03.10 PM.pngJob_Title,Company,Job_Link,Resume,Cover_Letter
,,,,
1,2,3,C:\fakepath\Screen Shot 2024-07-08 at 1.03.10 PM.png,C:\fakepath\Screen Shot 2024-07-08 at 1.03.10 PM.png
1,2,3,C:\fakepath\Screen Shot 2024-07-08 at 1.03.10 PM.png,C:\fakepath\Screen Shot 2024-07-08 at 1.03.10 PM.png
2,2,3,C:\fakepath\Screen Shot 2024-07-08 at 1.03.10 PM.png,C:\fakepath\Screen Shot 2024-07-08 at 1.03.10 PM.png
2,2,3,C:\fakepath\Screen Shot 2024-07-08 at 1.03.10 PM.png,C:\fakepath\Screen Shot 2024-07-08 at 1.03.10 PM.png